card_id,new_headline,new_body
0,"Nothing dramatic has gone wrong. Yet it’s getting harder to get ahead.",""
1,"Getting ahead takes more effort than it used to.","In many organizations, growth hasn’t stopped — but it no longer comes easily. Adjustments require more coordination, more follow-through, and more force to produce results. Competition is tighter, margins are thinner, and there’s less room for error. Progress still happens, but it feels heavier and more fragile than it once did. Leaders can sense the difference even when the business appears healthy on paper."
2,"You keep trying to focus on the big problems. The business keeps pulling you into smaller ones.","Most leaders don’t lose strategic focus because they avoid it. They lose it because there’s always something that needs attention first. Short-term decisions, clarifications, and tradeoffs feel necessary to keep things moving. Even when leaders carve out time for bigger questions, the relief is often temporary. Attention alone doesn’t resolve what keeps resurfacing."
3,"Without all the “why,” the execution of strategy reverts to what feels familiar.","Strategy and decisions are usually communicated. What often doesn’t fully travel is the reasoning behind them — the tradeoffs, constraints, and intent that made them make sense. When teams have to interpret direction without all of that context, they don’t stall. They default to what they know, what’s safe, and what’s been rewarded before. That behavior is rational, but it quietly shifts outcomes."
4,"Different teams optimize for different definitions of success.","As strategy moves across the organization, different groups interpret it through their own lenses. Each team responds to what it can see, what it’s measured on, and what feels risky in its world. Those interpretations are reasonable locally, but they don’t always point in the same direction. Over time, the organization doesn’t feel misaligned — it just feels harder to move together."
5,"Things are working — but really just in isolation.","From inside each function, progress looks real. Targets are met, projects move forward, and effort is visible. But those wins don’t consistently reinforce each other. Success in one area doesn’t make the next step easier somewhere else. Leaders can point to progress and still feel like the business isn’t getting as far ahead as it should."
6,"Without shared context, the system chooses safety over progress.","When clarity is incomplete and definitions of success vary, decision-making naturally regresses toward the safest middle. Teams defer, default to precedent, or avoid irreversible calls. Sometimes decisions move upward; other times they stall or quietly repeat. The system stabilizes itself, but it does so by favoring familiarity over forward motion."
7,"This is usually the moment when the old way of working stops scaling.","What worked at an earlier stage no longer produces the same revenue increases. The business hasn’t declined — it has outgrown how it currently operates. This isn’t failure. It’s the signal that the organization has outgrown the logic that worked before."
8,"Piecemeal optimizations just don't move the needle.","In a well-designed organization, leaders don’t have to hold everything together to maintain momentum. Decisions resolve where the work happens. Teams adapt without waiting for permission. Everything feels lighter — not because the work is easy, but because effort reinforces itself instead of canceling out."
9,"This isn’t about working harder or reorganizing.","At this stage, more effort increases noise, and reorganizations reshuffle friction without removing it. The real leverage comes from designing how decisions, focus, and ownership travel together across the organization. That’s what allows strategy to survive the journey to execution."
10,"Progress becomes durable instead of fragile.","When the operating logic is intentional, gains don’t disappear when attention shifts. Fewer decisions require escalation. Fewer initiatives need to be restarted. Progress holds even as conditions change."
11,"See the system clearly.","Before anything can change, leaders need a clear view of how the organization actually operates under pressure. That means understanding how decisions, information, incentives, and ownership interact across functions. Making those interactions visible is what creates real leverage."
12,"Design how the pieces should reinforce each other.","Once friction points are visible, the work is to intentionally design how strategy shows up in decisions, how teams hand work forward without losing meaning, and how signals align around today’s priorities. The goal isn’t more activity. It’s coherence."
13,"Embed the design into existing daily work flows so it sticks.","Insight only turns into results when the new logic shows up in everyday decisions. When it’s built into planning, prioritization, handoffs, and decision forums, teams can adapt intelligently without constant oversight. Progress becomes the default."
14,"I’m piloting this work with a small number of companies.","The pilot is a focused way to make the system visible, test whether redesigning key interaction points creates real lift, and determine whether this approach fits your context. It’s not a transformation program and not a commitment to long-term work — just a thoughtful way to explore what’s possible."
15,"When organizations can carry intent all the way to execution, progress stops feeling heavy — and starts feeling earned.",""
